id,symbol,name,price,market_cap,total_volume,rank,image,high_24h,low_24h,price_change_24h,price_change_percentage_24h,market_cap_change_24h,market_cap_change_percentage_24h,circulating_supply,total_supply,max_supply,atl,atl_change_percentage,atl_date,last_updated
bitcoin,btc,Bitcoin,3463378.0,65032044112172,2704738117200,1,https://assets.coingecko.com/coins/images/1/large/bitcoin.png?1547033579,3496829.0,3408037.0,3174.77,0.09175,-5712189674.2109375,-0.00878,18803462.0,21000000.0,21000000.0,3993.42,86495.6041,2013-07-05T00:00:00.000Z,2021-09-01T15:18:53.622Z
ethereum,eth,Ethereum,259206.0,30317707142094,2404482899581,2,https://assets.coingecko.com/coins/images/279/large/ethereum.png?1595348880,260331.0,245388.0,11555.18,4.66591,1256663909651.0,4.32422,117346100.499,,,28.13,917536.16477,2015-10-20T00:00:00.000Z,2021-09-01T15:18:59.807Z
cardano,ada,Cardano,206.81,6622117920354,248022566779,3,https://assets.coingecko.com/coins/images/975/large/cardano.png?1547034860,208.45,199.52,3.89,1.91623,145392945690.0,2.24485,32066390668.4135,45000000000.0,45000000000.0,1.38,14909.41094,2017-11-02T00:00:00.000Z,2021-09-01T15:19:00.899Z
binancecoin,bnb,Binance Coin,34976.0,5400539658076,149624096574,4,https://assets.coingecko.com/coins/images/825/large/binance-coin-logo.png?1547034615,35323.0,33321.0,502.82,1.45858,101983061938.0,1.92473,154533651.9,170533651.9,170533651.9,2.58,1351623.32496,2017-10-19T00:00:00.000Z,2021-09-01T15:18:36.962Z
tether,usdt,Tether,73.03,4817844384486,5163030400724,5,https://assets.coingecko.com/coins/images/325/large/Tether-logo.png?1598003707,73.3,72.8,0.221725,0.30454,24100064878.0,0.50274,65972678908.6902,65972678908.6902,,36.86,98.18364,2015-03-02T00:00:00.000Z,2021-09-01T15:05:34.480Z
ripple,xrp,XRP,87.47,4070088945126,367959582320,6,https://assets.coingecko.com/coins/images/44/large/xrp-symbol-white-128.png?1605778731,90.25,82.85,4.61,5.56932,224725173087.0,5.84405,46542338341.0,100000000000.0,100000000000.0,0.159343,54739.06335,2013-08-16T00:00:00.000Z,2021-09-01T15:19:01.551Z
dogecoin,doge,Dogecoin,20.52,2683226085503,111058452477,7,https://assets.coingecko.com/coins/images/5/large/dogecoin.png?1547792256,20.83,20.02,0.337115,1.67039,45025587000.0,1.70668,131101175489.054,,,0.00552883,370010.85987,2015-05-06T00:00:00.000Z,2021-09-01T15:19:00.165Z
solana,sol,Solana,8436.37,2438570583015,412736613755,8,https://assets.coingecko.com/coins/images/4128/large/coinmarketcap-solana-200.png?1616489452,8797.7,7640.36,-361.331051964256,-4.10711,-115190027306.8208,-4.5106,290716767.337436,488630611.0,488630611.0,38.03,21837.24267,2020-05-11T19:35:23.449Z,2021-09-01T15:19:03.522Z
polkadot,dot,Polkadot,2201.03,2240887171114,252870568834,9,https://assets.coingecko.com/coins/images/12171/large/aJGBjJFU_400x400.jpg?1597804776,2322.4,2166.45,34.58,1.59619,23307848385.0,1.05105,1025746918.56781,1106694477.00509,,202.26,980.29637,2020-08-19T03:44:11.556Z,2021-09-01T15:18:49.721Z
usd-coin,usdc,USD Coin,73.08,2005402151765,185459517086,10,https://assets.coingecko.com/coins/images/6319/large/USD_Coin_icon.png?1547042389,73.37,72.84,0.104137,0.14271,44632008.0,0.00223,27456065180.1692,27451412906.4592,,65.31,11.71681,2021-05-19T13:14:05.611Z,2021-09-01T15:19:03.186Z
uniswap,uni,Uniswap,2186.73,1130693565733,64945005217,11,https://assets.coingecko.com/coins/images/12504/large/uniswap-uni.png?1600306604,2235.08,2090.77,95.96,4.58982,49049662157.0,4.53473,519857388.1320768,1000000000.0,1000000000.0,75.81,2763.51324,2020-09-17T01:20:38.214Z,2021-09-01T15:19:01.778Z
chainlink,link,Chainlink,2100.48,940005851030,116987843288,12,https://assets.coingecko.com/coins/images/877/large/chainlink-new-logo.png?1547034700,2105.4,1913.38,145.5,7.44254,69625022779.0,7.99937,449009553.9174637,1000000000.0,1000000000.0,9.55,21797.66916,2017-11-29T00:00:00.000Z,2021-09-01T15:18:59.524Z
terra-luna,luna,Terra,2295.24,918626420318,67932685487,13,https://assets.coingecko.com/coins/images/8284/large/luna1557227471663.png?1567147072,2404.33,2238.72,-109.09023127864,-4.53724,-61219458202.96973,-6.24787,401463086.67499,995558814.851019,,9.09,25058.94684,2020-03-19T03:08:55.643Z,2021-09-01T15:18:44.159Z
binance-usd,busd,Binance USD,73.06,912186613113,368954893535,14,https://assets.coingecko.com/coins/images/9576/large/BUSD.png?1568947766,73.45,72.75,0.131306,0.18006,19756283299.0,2.21376,12491418489.9,12491418489.9,,65.99,10.4314,2021-05-19T13:04:37.445Z,2021-09-01T15:19:00.701Z
bitcoin-cash,bch,Bitcoin Cash,46910.0,881421051515,338957028253,15,https://assets.coingecko.com/coins/images/780/large/bitcoin-cash-circle.png?1594689492,47039.0,45781.0,250.95,0.53783,3876170621.0,0.44171,18833787.396789,21000000.0,21000000.0,5536.54,744.70927,2018-12-16T00:00:00.000Z,2021-09-01T15:18:41.565Z
litecoin,ltc,Litecoin,12862.57,856075269356,183592210966,16,https://assets.coingecko.com/coins/images/2/large/litecoin.png?1547033580,12983.23,12338.41,397.47,3.1887,24467079627.0,2.94214,66752614.5153875,84000000.0,,72.12,17689.13774,2015-01-14T00:00:00.000Z,2021-09-01T15:18:41.828Z
internet-computer,icp,Internet Computer,4699.17,738170030311,31779492412,17,https://assets.coingecko.com/coins/images/14495/large/Internet_Computer_logo.png?1620703073,4825.49,4452.05,-8.707089015792,-0.18495,-2943444313.661255,-0.39717,157140097.36,469213710.0,469213710.0,2047.11,129.03652,2021-07-20T10:14:50.919Z,2021-09-01T15:18:58.130Z
wrapped-bitcoin,wbtc,Wrapped Bitcoin,3467516.0,688823819850,24049415131,18,https://assets.coingecko.com/coins/images/7598/large/wrapped_bitcoin_wbtc.png?1548822744,3495095.0,3407344.0,9315.73,0.26938,2747202586.0,0.40042,198723.20943419,198723.20943419,198723.20943419,217246.0,1494.97889,2019-04-02T00:00:00.000Z,2021-09-01T15:18:44.268Z
matic-network,matic,Polygon,103.59,676594546184,100041229163,19,https://assets.coingecko.com/coins/images/4713/large/matic-token-icon.png?1624446912,106.42,96.04,4.79,4.84857,33156191314.0,5.15297,6504243591.0,10000000000.0,10000000000.0,0.220692,47137.5902,2019-05-10T00:00:00.000Z,2021-09-01T15:19:02.730Z
vechain,vet,VeChain,9.88,661651243892,84836240777,20,https://assets.coingecko.com/coins/images/1167/large/VeChain-Logo-768x725.png?1547035194,9.98,8.75,1.01,11.36983,71944063184.0,12.19996,66760741299.0,86712634466.0,,0.144791,6714.95805,2020-03-13T02:29:59.652Z,2021-09-01T15:18:38.027Z
ethereum-classic,etc,Ethereum Classic,4744.58,613333075585,339973700698,21,https://assets.coingecko.com/coins/images/453/large/ethereum-classic-logo.png?1547034169,4850.62,4558.6,98.38,2.11738,18040081428.0,3.03045,129581417.843611,210700000.0,,41.44,11298.28079,2016-07-25T00:00:00.000Z,2021-09-01T15:18:50.752Z
stellar,xlm,Stellar,25.44,598228456206,55304923435,22,https://assets.coingecko.com/coins/images/100/large/Stellar_symbol_black_RGB.png?1552356157,25.85,24.6,0.575435,2.31446,15168696195.0,2.60157,23607534101.3396,50001802844.4414,50001802844.4414,0.02966141,85345.13731,2015-03-05T00:00:00.000Z,2021-09-01T15:18:49.105Z
filecoin,fil,Filecoin,5612.4,566051142705,60204607316,23,https://assets.coingecko.com/coins/images/12817/large/filecoin.png?1602753933,5697.08,5491.13,66.22,1.19398,11966843821.0,2.15975,100891242.0,1972288887.0,1972288887.0,1473.05,280.25969,2020-12-29T22:32:28.483Z,2021-09-01T15:19:03.102Z
avalanche-2,AVAX,Avalanche,3155.2,552675682925,73081272539,24,https://assets.coingecko.com/coins/images/12559/large/coin-round-red.png?1604021818,3299.9,2829.81,48.89,1.57376,16685697206.0,3.11306,175140084.251602,377752194.4695483,720000000.0,204.63,1448.03598,2020-12-31T13:15:21.540Z,2021-09-01T15:18:53.898Z
theta-token,theta,Theta Network,492.62,489615239650,18079790970,25,https://assets.coingecko.com/coins/images/2538/large/theta-token-logo.png?1548387191,498.0,476.46,9.19,1.90165,9784754686.0,2.03921,1000000000.0,1000000000.0,,2.96,16394.51026,2018-12-15T00:00:00.000Z,2021-09-01T15:19:02.788Z
tron,trx,TRON,6.66,476185781337,100338066991,26,https://assets.coingecko.com/coins/images/1094/large/tron-logo.png?1547035066,6.73,6.39,0.214534,3.32932,15691699332.0,3.40758,71660220128.0,100850743812.0,,0.117589,5546.96399,2017-11-12T00:00:00.000Z,2021-09-01T15:18:30.523Z
compound-ether,ceth,cETH,5195.17,474570372826,3523786577,27,https://assets.coingecko.com/coins/images/10643/large/ceth2.JPG?1581389598,5211.4,4933.47,227.11,4.57136,17374606962.0,3.80026,91348395.8328538,91348395.8328538,,142.41,3534.63285,2020-03-13T02:22:33.711Z,2021-09-01T15:08:39.352Z
cosmos,atom,Cosmos,1672.19,465438971698,70703303080,28,https://assets.coingecko.com/coins/images/1481/large/cosmos_hub.png?1555657960,1767.02,1628.96,-85.147011693975,-4.84523,-20162185662.33313,-4.15201,278464352.103271,,,87.61,1805.47739,2020-03-13T02:27:44.591Z,2021-09-01T15:18:57.661Z
ftx-token,ftt,FTX Token,4474.85,464027658264,75232604005,29,https://assets.coingecko.com/coins/images/9026/large/F.png?1609051564,4409.03,3428.57,861.41,23.83892,81258015758.0,21.22896,105957291.21874323,336828627.285971,336828627.285971,82.7,5156.29431,2019-09-06T00:00:00.000Z,2021-09-01T15:18:47.839Z
okb,okb,OKB,1626.63,433841588906,16737217680,30,https://assets.coingecko.com/coins/images/4463/large/okb_token.png?1548386209,1702.2,1458.97,131.81,8.81757,34470013591.0,8.63106,267436117.72,300000000.0,,40.86,3866.12235,2019-01-14T00:00:00.000Z,2021-09-01T15:18:20.303Z
dai,dai,Dai,73.0,427870002373,33992258344,31,https://assets.coingecko.com/coins/images/9956/large/dai-multi-collateral-mcd.png?1574218774,73.32,72.88,0.00589843,0.00808,974955855.0,0.22838,5861399385.43675,5861399385.43675,5861399385.43675,64.85,12.52603,2019-11-25T00:04:18.137Z,2021-09-01T15:05:25.007Z
monero,xmr,Monero,21888.0,393137257613,18282449481,32,https://assets.coingecko.com/coins/images/69/large/monero_logo.png?1547033729,22039.0,20510.0,1046.41,5.02079,20358386072.0,5.46125,17984574.5902842,,,13.57,161059.97,2015-01-14T00:00:00.000Z,2021-09-01T15:18:33.599Z
aave,aave,Aave,28899.0,379524266963,53818310352,33,https://assets.coingecko.com/coins/images/12645/large/AAVE.png?1601374110,29930.0,27171.0,1389.64,5.05151,17352283610.0,4.79117,13150445.959687222,16000000.0,16000000.0,1933.39,1389.27323,2020-11-05T09:20:11.928Z,2021-09-01T15:18:56.544Z
pancakeswap-token,cake,PancakeSwap,1684.6,365366336382,23937177355,34,https://assets.coingecko.com/coins/images/12632/large/pancakeswap-cake-logo_%281%29.png?1629359065,1727.96,1594.67,-42.278199799086,-2.44824,-5131727332.703857,-1.38509,216504785.850607,,,14.48,11538.49095,2020-11-03T14:29:34.165Z,2021-09-01T15:18:49.191Z
eos,eos,EOS,373.87,359466118807,105717427208,35,https://assets.coingecko.com/coins/images/738/large/eos-eos-logo.png?1547034481,376.6,359.48,10.18,2.80002,10054766681.0,2.87763,965704718.9234,,,32.67,1039.1899,2017-10-23T00:00:00.000Z,2021-09-01T15:18:59.242Z
compound-usd-coin,cusdc,cUSDC,1.62,346530129258,2455535265,36,https://assets.coingecko.com/coins/images/9442/large/Compound_USDC.png?1567581577,1.63,1.61,-0.000394255273,-0.02439,-2237224463.376587,-0.64147,214416246521.235,214416246521.235,,0.451431,258.00709,2021-03-04T08:11:37.438Z,2021-09-01T15:00:42.497Z
tezos,xtz,Tezos,384.07,322371708229,23186104144,37,https://assets.coingecko.com/coins/images/976/large/Tezos-logo.png?1547034862,391.52,367.66,-7.440707622589,-1.90049,-7165383582.816956,-2.17438,843151488.547724,,,24.73,1443.97589,2018-12-07T00:00:00.000Z,2021-09-01T15:18:53.520Z
the-graph,grt,The Graph,65.0,322158257776,12228671999,38,https://assets.coingecko.com/coins/images/13397/large/Graph_Token.png?1608145566,65.61,60.78,0.491072,0.76122,2968747781.0,0.93009,4956845231.0,10000000000.0,10000000000.0,7.59,756.68551,2020-12-17T21:28:41.332Z,2021-09-01T15:19:01.160Z
cdai,cdai,cDAI,1.58,319890431206,310475908,39,https://assets.coingecko.com/coins/images/9281/large/cDAI.png?1576467585,1.59,1.57,0.00258041,0.16402,-497486445.3101196,-0.15528,203004728495.279,203004728495.279,,0.53948,192.09219,2020-03-18T04:29:40.819Z,2021-09-01T15:00:42.276Z
axie-infinity,axs,Axie Infinity,5191.77,300023934008,25567703667,40,https://assets.coingecko.com/coins/images/13029/large/axie_infinity_logo.png?1604471082,5344.03,5112.97,-152.255026187994,-2.84907,-9072238973.247498,-2.93509,57815129.127270155,270000000.0,270000000.0,9.17,56534.55113,2020-11-06T08:05:43.662Z,2021-09-01T15:18:50.591Z
staked-ether,steth,Lido Staked Ether,257055.0,297271414105,953675110,41,https://assets.coingecko.com/coins/images/13442/large/steth_logo.png?1608607546,259140.0,244189.0,11247.28,4.57564,11614234936.0,4.06579,1156450.65923884,1156450.65923884,1156450.65923884,35697.0,620.17301,2020-12-22T04:08:21.854Z,2021-09-01T15:09:32.967Z
algorand,algo,Algorand,84.3,289547550424,23223597419,42,https://assets.coingecko.com/coins/images/4380/large/download.png?1547039725,86.25,78.55,2.21,2.686,8894486701.0,3.16921,3460569331.72069,,,7.95,950.56374,2020-03-13T02:20:48.438Z,2021-09-01T15:19:03.422Z
klay-token,klay,Klaytn,116.25,289512066748,4867950624,43,https://assets.coingecko.com/coins/images/9672/large/CjbT82vP_400x400.jpg?1570548320,117.37,113.11,0.248224,0.21399,-2886451686.159729,-0.98716,2500537950.2,,,4.57,2429.27748,2020-04-29T08:19:34.574Z,2021-09-01T15:18:22.902Z
crypto-com-chain,cro,Crypto.com Coin,11.34,286313596637,3844180234,44,https://assets.coingecko.com/coins/images/7310/large/cypto.png?1547043960,11.47,11.08,0.081633,0.72533,1780508816.0,0.62577,25263013692.0,30263013692.0,,0.864137,1210.39249,2019-02-08T00:00:00.000Z,2021-09-01T15:18:17.837Z
neo,neo,NEO,3934.18,276521245056,38603284538,45,https://assets.coingecko.com/coins/images/480/large/NEO_512_512.png?1594357361,3966.48,3687.98,62.47,1.61353,4965611749.0,1.82858,70530000.0,100000000.0,,5.22,75001.0906,2016-10-21T00:00:00.000Z,2021-09-01T15:18:57.778Z
elrond-erd-2,egld,Elrond,12954.46,254337197613,16148876367,46,https://assets.coingecko.com/coins/images/12335/large/elrond3_360.png?1626341589,13455.11,11488.38,1451.55,12.61897,28303838729.0,12.52197,19675339.0,20397843.0,,479.15,2608.55944,2020-10-07T01:44:53.554Z,2021-09-01T15:18:27.712Z
shiba-inu,shib,Shiba Inu,0.00050502,251101296764,16663432756,47,https://assets.coingecko.com/coins/images/11939/large/shiba.png?1622619446,0.00051314,0.00048869,8.86129e-07,0.17577,-497720203.2036743,-0.19782,497730966630395.75,1000000000000000.0,,4.169e-09,12074271.02575,2020-11-28T11:26:25.838Z,2021-09-01T15:18:56.907Z
kusama,ksm,Kusama,27934.0,248618838596,61088203081,48,https://assets.coingecko.com/coins/images/9568/large/m4zRhP5e_400x400.jpg?1576190080,30506.0,26989.0,260.47,0.94122,1591265395.0,0.64417,8980098.074112339,10000000.0,10000000.0,62.15,44288.53199,2020-01-14T19:20:20.768Z,2021-09-01T15:18:59.904Z
bitcoin-cash-abc-2,bcha,Bitcoin Cash ABC,13065.78,245433786664,24174797428,49,https://assets.coingecko.com/coins/images/13120/large/Logo_final-21.png?1624892810,13578.42,12597.09,85.68,0.66006,1415326457.0,0.58001,18794058.3967894,21000000.0,,686.48,1803.03017,2020-11-15T18:28:32.658Z,2021-09-01T15:17:24.132Z
maker,mkr,Maker,258374.0,232075567566,7558448279,50,https://assets.coingecko.com/coins/images/1364/large/Mark_Maker.png?1585191826,261229.0,251727.0,1928.56,0.75204,2324979984.0,1.01196,901310.9472893132,991328.381954929,1005577.0,12508.13,1957.95814,2020-03-16T20:52:36.527Z,2021-09-01T15:18:49.706Z
bitcoin-cash-sv,bsv,Bitcoin SV,12101.81,227009432564,18944284782,51,https://assets.coingecko.com/coins/images/6799/large/BSV.png?1558947902,12113.32,11747.85,128.32,1.07174,1698755308.0,0.75396,18830632.894239,21000000.0,,2976.7,302.99153,2018-11-23T00:00:00.000Z,2021-09-01T15:18:55.181Z
iota,miota,IOTA,80.85,222635733895,10518269976,52,https://assets.coingecko.com/coins/images/692/large/IOTA_Swirl.png?1604238557,81.13,70.39,7.97,10.94217,21391190161.0,10.62945,2779530283.277761,2779530283.0,,6.16,1197.46111,2020-03-13T02:22:41.168Z,2021-09-01T15:18:31.948Z
waves,waves,Waves,2116.4,211089586396,20288606387,53,https://assets.coingecko.com/coins/images/425/large/waves.png?1548386117,2201.65,1962.52,121.1,6.06904,12200913186.0,6.13454,100000000.0,100000000.0,,8.71,24136.12737,2016-08-02T00:00:00.000Z,2021-09-01T15:18:47.140Z
bittorrent-2,btt,BitTorrent,0.316448,208272381225,37823658470,54,https://assets.coingecko.com/coins/images/7595/large/BTT_Token_Graphic.png?1555066995,0.321552,0.302119,0.01025373,3.34877,5924639509.0,2.92795,659071882049.0,990000000000.0,,0.01042979,2930.83984,2020-03-13T02:22:57.629Z,2021-09-01T15:18:27.799Z
thorchain,rune,THORChain,782.29,205725204434,10822893086,55,https://assets.coingecko.com/coins/images/6595/large/RUNE.png?1614160507,799.03,697.89,56.47,7.7805,16462495141.0,8.69822,262391792.91730163,500000000.0,500000000.0,0.601495,129679.62544,2019-09-28T00:00:00.000Z,2021-09-01T15:18:38.141Z
leo-token,leo,LEO Token,216.06,204576850006,213354188,56,https://assets.coingecko.com/coins/images/8418/large/leo-token.png?1558326215,218.94,211.44,-0.968085219512,-0.44607,-1364132541.5335999,-0.66239,947066718.9,985239504.0,,56.97,278.98536,2019-12-24T15:14:35.376Z,2021-09-01T15:18:59.335Z
arweave,ar,Arweave,4408.46,194259496258,24360044714,57,https://assets.coingecko.com/coins/images/4343/large/oRt6SiEN_400x400.jpg?1591059616,4885.34,4203.53,-69.991961626773,-1.56286,122675623.0,0.06319,43825615.0,66000000.0,66000000.0,21.36,20592.09065,2020-01-31T06:47:36.543Z,2021-09-01T15:18:20.327Z
amp-token,amp,Amp,3.83,184154028061,7216190028,58,https://assets.coingecko.com/coins/images/12409/large/amp-200x200.png?1599625397,3.97,3.81,-0.041024581577,-1.05872,-3391893744.6061707,-1.80857,48013928909.1577,99234998845.5954,99225164238.50153,0.186385,1957.89533,2020-11-04T13:18:12.191Z,2021-09-01T15:18:55.323Z
huobi-token,ht,Huobi Token,1096.18,181035210939,8475192963,59,https://assets.coingecko.com/coins/images/2822/large/huobi-token-logo.png?1547036992,1103.67,1056.78,19.2,1.78243,2406060426.0,1.34696,166099511.25441208,500000000.0,500000000.0,64.9,1578.18876,2019-01-30T00:00:00.000Z,2021-09-01T15:18:22.756Z
hedera-hashgraph,hbar,Hedera Hashgraph,18.83,180541842190,10896852684,60,https://assets.coingecko.com/coins/images/3688/large/mqTDGK7Q.png?1566256777,19.61,17.9,0.209644,1.1258,5849863536.0,3.34867,9621343714.0,50000000000.0,,0.703644,2564.88892,2020-01-02T17:30:24.852Z,2021-09-01T15:18:03.742Z
compound-governance-token,comp,Compound,33501.0,180254317330,20420404338,61,https://assets.coingecko.com/coins/images/10775/large/COMP.png?1592625425,33539.0,31460.0,1498.83,4.68353,7312471420.0,4.22828,5400844.610974923,10000000.0,10000000.0,4678.37,612.96123,2020-06-18T12:54:32.788Z,2021-09-01T15:18:59.909Z
near,near,Near,400.43,178853112301,9147217655,62,https://assets.coingecko.com/coins/images/10365/large/near_icon.png?1601359077,406.32,375.15,10.85,2.7856,6754047329.0,3.92451,445809109.431493,1000000000.0,1000000000.0,39.17,923.02459,2020-11-04T16:09:15.137Z,2021-09-01T15:18:50.569Z
sushi,sushi,Sushi,921.14,177412849723,33773119242,63,https://assets.coingecko.com/coins/images/12271/large/512x512_Logo_no_chop.png?1606986688,944.9,856.17,48.38,5.54391,8377261103.0,4.95592,192789255.8554817,232815190.036083,250000000.0,35.36,2495.55956,2020-11-04T16:03:44.715Z,2021-09-01T15:18:56.195Z
dash,dash,Dash,17213.33,177114306291,29816352767,64,https://assets.coingecko.com/coins/images/19/large/dash-logo.png?1548385930,17332.29,15825.53,849.09,5.18869,9155614793.0,5.45111,10311556.2637062,18920000.0,,13.82,124176.66144,2014-02-14T00:00:00.000Z,2021-09-01T15:18:59.146Z
terrausd,ust,TerraUSD,73.02,176101293199,6906734215,65,https://assets.coingecko.com/coins/images/12681/large/UST.png?1601612407,73.42,72.79,-0.088277327831,-0.12074,1218666073.0,0.69685,2409845552.53567,2409845401.55065,,62.83,16.22178,2021-05-19T13:14:26.898Z,2021-09-01T15:16:58.818Z
quant-network,qnt,Quant,13301.12,175584846098,2568884931,66,https://assets.coingecko.com/coins/images/3370/large/5ZOu7brX_400x400.jpg?1612437252,13604.66,13258.96,-106.435838064765,-0.79385,-2794450024.617279,-1.56658,13175667.469289193,14612493.0,14612493.0,15.06,88480.33752,2018-08-23T00:00:00.000Z,2021-09-01T15:18:56.180Z
celsius-degree-token,cel,Celsius Network,413.33,175151170870,649420064,67,https://assets.coingecko.com/coins/images/3263/large/CEL_logo.png?1609598753,418.67,400.54,8.59,2.12192,4121737080.0,2.40996,423415980.3475,695658160.9671,,1.85,22274.93643,2018-12-07T00:00:00.000Z,2021-09-01T15:18:05.692Z
fantom,ftm,Fantom,68.72,172383092429,48771808959,68,https://assets.coingecko.com/coins/images/4001/large/Fantom.png?1558015016,68.86,51.24,13.12,23.58898,30199951826.0,21.24018,2541152731.01,3175000000.0,3175000000.0,0.143621,46965.15041,2020-03-13T02:25:38.280Z,2021-09-01T15:18:29.240Z
decred,dcr,Decred,12768.93,169728906696,1236217805,69,https://assets.coingecko.com/coins/images/329/large/decred.png?1547034093,13023.39,12197.45,535.72,4.37919,8632139141.0,5.35836,13270230.5234015,21000000.0,,29.25,43614.23859,2016-12-26T00:00:00.000Z,2021-09-01T15:18:10.023Z
helium,hnt,Helium,1717.03,162740433165,4615933277,70,https://assets.coingecko.com/coins/images/4284/large/Helium_HNT.png?1612620071,1826.77,1549.31,120.14,7.52365,11599961054.0,7.67495,95218290.2039013,223000000.0,223000000.0,8.66,19569.50688,2020-04-18T00:19:10.902Z,2021-09-01T15:18:25.911Z
havven,snx,Synthetix Network Token,885.57,152032117705,10744765442,71,https://assets.coingecko.com/coins/images/3406/large/SNX.png?1598631139,893.45,818.05,50.49,6.04625,7832997379.0,5.43207,172589134.39122543,232947851.668946,232947851.668946,2.42,36305.3581,2019-01-06T00:00:00.000Z,2021-09-01T15:18:53.155Z
chiliz,chz,Chiliz,27.74,148170962563,20834719673,72,https://assets.coingecko.com/coins/images/8834/large/Chiliz.png?1561970540,28.04,26.35,0.683749,2.52679,3346447026.0,2.31069,5344064580.0,8888888888.0,8888888888.0,0.290329,9435.28185,2019-09-28T00:00:00.000Z,2021-09-01T15:19:01.280Z
holotoken,hot,Holo,0.788286,139191928250,12086611070,73,https://assets.coingecko.com/coins/images/3348/large/Holologo_Profile.png?1547037966,0.795052,0.758969,0.00840615,1.07788,854023711.0,0.61735,177619433541.141,177619433541.141,,0.01662502,4604.62374,2020-03-13T02:23:01.612Z,2021-09-01T15:18:33.290Z
huobi-btc,hbtc,Huobi BTC,3480151.0,138880165505,10418759,74,https://assets.coingecko.com/coins/images/12407/large/Unknown-5.png?1599624896,3499371.0,3407397.0,27835.0,0.80627,1110798385.0,0.80627,39906.36705999,39906.36705999,39906.36705999,819099.0,324.87028,2020-10-12T03:56:16.768Z,2021-09-01T15:09:30.086Z
enjincoin,enj,Enjin Coin,147.65,137911774857,14840311888,75,https://assets.coingecko.com/coins/images/1102/large/enjin-coin-logo.png?1547035078,150.55,143.29,-2.00634627123,-1.34063,-1582376059.5380554,-1.13437,934331121.3990188,1000000000.0,1000000000.0,1.22,12029.70983,2017-11-12T00:00:00.000Z,2021-09-01T15:18:58.209Z
theta-fuel,tfuel,Theta Fuel,24.34,129027524460,2899911590,76,https://assets.coingecko.com/coins/images/8029/large/1_0YusgngOrriVg4ZYx4wOFQ.png?1553483622,24.44,23.91,0.264722,1.0996,1320526256.0,1.03403,5301219200.0,5301200000.0,,0.06858,35305.71334,2020-03-13T02:30:37.972Z,2021-09-01T15:18:03.307Z
nem,xem,NEM,14.3,128457290341,4900870936,77,https://assets.coingecko.com/coins/images/242/large/NEM_Logo_256x256.png?1598687029,14.32,13.83,0.292241,2.0856,3399963495.0,2.71872,8999999999.0,8999999999.0,,0.00564856,252919.94247,2015-09-05T00:00:00.000Z,2021-09-01T15:18:56.387Z
zcash,zec,Zcash,10833.31,124447595837,19981337924,78,https://assets.coingecko.com/coins/images/486/large/circle-zcash-color.png?1547034197,10923.08,10298.56,235.07,2.21802,2768846072.0,2.27554,11527461.2114711,21000000.0,21000000.0,1490.81,622.51097,2020-03-13T02:20:55.002Z,2021-09-01T15:18:53.123Z
xdce-crowd-sale,xdc,XDC Network,9.56,117242547038,597940539,79,https://assets.coingecko.com/coins/images/2912/large/xdc-logo.png?1589242157,9.86,9.36,-0.130656843634,-1.34783,-779770269.4114838,-0.6607,12238141964.0,37599520715.0,,0.02721364,35200.2807,2019-07-22T00:00:00.000Z,2021-09-01T15:17:50.945Z
blockstack,stx,Stacks,106.95,111875058128,2264083973,80,https://assets.coingecko.com/coins/images/2069/large/Stacks_logo_full.png?1604112510,108.48,103.87,0.597559,0.56187,436361904.0,0.39157,1052561461.68777,1818000000.0,,3.44,3008.89431,2020-03-13T02:29:26.415Z,2021-09-01T15:18:35.598Z
flow,flow,Flow,1822.95,110742269379,6873516686,81,https://assets.coingecko.com/coins/images/13446/large/flow_logo.jpg?1608631239,1886.27,1772.38,-26.771521630171,-1.44732,166633664.0,0.1507,60749508.1158945,1368390492.48566,,361.47,406.15694,2021-01-27T15:34:04.000Z,2021-09-01T15:18:44.109Z
zilliqa,zil,Zilliqa,8.29,102885827668,7721089063,82,https://assets.coingecko.com/coins/images/2687/large/Zilliqa-logo.png?1547036894,8.3,7.76,0.288291,3.60102,3434629415.0,3.45358,12427446872.2279,21000000000.0,,0.18091,4462.61006,2020-03-13T02:22:55.161Z,2021-09-01T15:18:28.664Z
true-usd,tusd,TrueUSD,73.12,102623336365,4333968705,83,https://assets.coingecko.com/coins/images/3449/large/tusd.png?1618395665,73.38,72.86,0.152127,0.20848,430998989.0,0.42175,1404883514.47944,1404883514.47944,,64.32,13.38085,2018-03-25T00:00:00.000Z,2021-09-01T15:18:38.609Z
yearn-finance,yfi,yearn.finance,2850812.0,101594735053,26856269764,84,https://assets.coingecko.com/coins/images/11849/large/yfi-192x192.png?1598325330,2949200.0,2681314.0,129115.0,4.74392,4374459532.0,4.49953,35692.624968711796,36666.0,36666.0,2370.14,119896.63105,2020-07-18T12:26:27.150Z,2021-09-01T15:18:50.590Z
bitcoin-gold,btg,Bitcoin Gold,5565.15,97279837221,4711427838,85,https://assets.coingecko.com/coins/images/1043/large/bitcoin-gold-logo.png?1547034978,5672.47,5491.03,-107.317928735862,-1.89191,-2176538083.0686493,-2.18843,17513924.0,21000000.0,,321.21,1631.79888,2020-03-13T02:22:52.902Z,2021-09-01T15:18:05.531Z
qtum,qtum,Qtum,928.32,96048741844,20096012911,86,https://assets.coingecko.com/coins/images/684/large/qtum.png?1547034438,944.12,884.93,22.98,2.53822,2407231986.0,2.57069,103695782.0,107822406.0,,59.13,1465.67504,2020-03-13T02:22:57.149Z,2021-09-01T15:18:58.549Z
safemoon,safemoon,SafeMoon,0.00016715,95937434581,604345420,87,https://assets.coingecko.com/coins/images/14362/large/174x174-white.png?1617174846,0.00017474,0.00016563,-2.766607e-06,-1.62819,-1727676247.4317627,-1.76898,576901887227808.8,1000000000000000.0,,3.22e-06,5060.94755,2021-03-14T19:51:56.741Z,2021-09-01T15:18:25.134Z
harmony,one,Harmony,8.8,92819238535,7576055054,88,https://assets.coingecko.com/coins/images/4344/large/Y88JAze.png?1565065793,9.07,8.45,-0.133092689747,-1.48935,-1563774811.50206,-1.65684,10538976373.7931,13156044839.793139,13156044839.793139,0.096153,9064.74585,2020-03-13T02:24:14.005Z,2021-09-01T15:17:39.845Z
decentraland,mana,Decentraland,69.74,92386563005,12526666307,89,https://assets.coingecko.com/coins/images/878/large/decentraland-mana.png?1550108745,71.67,67.51,-0.001220568829,-0.00175,-171881868.0903015,-0.1857,1327372145.9864838,2194093927.32015,2194093927.32015,0.597438,11548.2794,2017-10-31T00:00:00.000Z,2021-09-01T15:19:03.714Z
ravencoin,rvn,Ravencoin,9.68,92264935353,6311439806,90,https://assets.coingecko.com/coins/images/3412/large/ravencoin.png?1548386057,9.94,9.22,0.285018,3.03471,2595680650.0,2.89473,9555785000.0,21000000000.0,,0.674614,1331.76423,2020-03-13T02:30:00.004Z,2021-09-01T15:18:15.364Z
basic-attention-token,bat,Basic Attention Token,61.34,91096065061,9746685556,91,https://assets.coingecko.com/coins/images/677/large/basic-attention-token.png?1547034427,61.49,58.55,1.19,1.98384,2074439762.0,2.33026,1489851988.4473505,1500000000.0,1500000000.0,4.66,1212.29594,2017-07-16T00:00:00.000Z,2021-09-01T15:19:01.632Z
telcoin,tel,Telcoin,1.59,90401139474,1043693337,92,https://assets.coingecko.com/coins/images/1899/large/tel.png?1547036203,1.64,1.53,0.01189239,0.7556,1224287022.0,1.37288,56989406904.06,100000000000.0,,0.00488759,32435.60275,2020-03-13T02:24:47.992Z,2021-09-01T15:13:44.928Z
nexo,nexo,NEXO,139.02,77863372107,713497278,93,https://assets.coingecko.com/coins/images/3695/large/nexo.png?1548086057,141.0,133.08,3.85,2.84641,2636074854.0,3.50415,560000010.0064,1000000000.0,1000000000.0,3.25,4180.09529,2018-09-13T00:00:00.000Z,2021-09-01T15:18:25.784Z
xsushi,xsushi,xSUSHI,1081.53,77237765850,166464921,94,https://assets.coingecko.com/coins/images/13725/large/xsushi.png?1612538526,1109.58,1013.64,58.12,5.67873,1947116740.0,2.58613,71415132.4960742,71415132.4960742,,440.73,145.19829,2021-01-22T01:04:22.350Z,2021-09-01T15:16:08.196Z
kucoin-shares,kcs,KuCoin Token,986.14,76881108123,1192913588,95,https://assets.coingecko.com/coins/images/1047/large/sa9z79.png?1610678720,1008.9,951.17,7.95,0.81223,841813802.0,1.10708,77927202.0,167927202.0,,24.48,3930.52341,2019-02-13T00:00:00.000Z,2021-09-01T15:16:46.811Z
zencash,zen,Horizen,6555.64,74965455534,4735210747,96,https://assets.coingecko.com/coins/images/691/large/horizen.png?1555052241,6822.62,6507.6,46.2,0.70974,675729243.0,0.90959,11472875.0,21000000.0,,216.39,2918.61475,2017-07-31T00:00:00.000Z,2021-09-01T15:18:18.018Z
bancor,bnt,Bancor Network Token,324.78,74122487029,8379230771,97,https://assets.coingecko.com/coins/images/736/large/bancor-bnt.png?1628822309,327.68,310.6,10.44,3.32093,1894322474.0,2.62269,230399519.612143,230399519.612143,230399519.612143,9.13,3462.90843,2020-03-13T02:29:21.245Z,2021-09-01T15:19:01.552Z
siacoin,sc,Siacoin,1.5,72862680167,6435393483,98,https://assets.coingecko.com/coins/images/289/large/siacoin.png?1548386465,1.51,1.41,0.0380168,2.60731,2720664609.0,3.87879,48662805000.0,,,0.00083433,178844.2623,2015-12-28T00:00:00.000Z,2021-09-01T15:18:09.620Z
audius,audio,Audius,179.93,72178229459,3573031438,99,https://assets.coingecko.com/coins/images/12913/large/AudiusCoinLogo_2x.png?1603425727,187.11,172.63,-6.450093535036,-3.46069,-2896590573.296585,-3.85827,400244277.0,1046502828.47331,1046502828.47331,3.23,5461.77391,2020-10-23T14:56:23.999Z,2021-09-01T15:18:53.980Z
paxos-standard,usdp,Pax Dollar,73.09,71518082941,3223540925,100,https://assets.coingecko.com/coins/images/6013/large/Pax_Dollar.png?1629877204,73.29,72.68,0.04381721,0.05999,1082289326.0,1.53656,979375248.26,979375248.26,,63.23,15.34403,2021-05-19T13:14:42.046Z,2021-09-01T15:18:30.457Z
iostoken,iost,IOST,3.13,71043288852,10398664445,101,https://assets.coingecko.com/coins/images/2523/large/IOST.png?1557555183,3.17,2.99,0.069476,2.27014,1860368369.0,2.68906,22726467136.6116,22726467136.6116,90000000000.0,0.121033,2480.68818,2020-03-13T02:25:35.257Z,2021-09-01T15:18:51.240Z
link,ln,LINK,11874.04,70394178110,138119526,102,https://assets.coingecko.com/coins/images/6450/large/linklogo.png?1547042644,12095.29,11590.84,108.16,0.91923,-348932250.90216064,-0.49324,5975630.068101,6045959.0,,73.98,15818.80431,2018-12-26T00:00:00.000Z,2021-09-01T15:16:54.757Z
digibyte,dgb,DigiByte,4.76,69628358495,3101394123,103,https://assets.coingecko.com/coins/images/63/large/digibyte.png?1547033717,4.89,4.66,-0.094565210781,-1.94844,-1931843021.4323883,-2.69961,14630580228.8169,21000000000.0,,0.00194524,244430.02629,2015-01-14T00:00:00.000Z,2021-09-01T15:18:39.919Z
nxm,nxm,Nexus Mutual,9944.94,68703400661,423511,104,https://assets.coingecko.com/coins/images/11810/large/nexus-mutual.jpg?1594547726,9911.42,9438.46,504.19,5.3406,2761215431.0,4.18733,6908377.3275362,6908377.3275362,6908377.3275362,519.67,1813.69233,2020-07-22T19:54:06.406Z,2021-09-01T14:36:59.516Z
ontology,ont,Ontology,77.76,67877561128,7691960530,105,https://assets.coingecko.com/coins/images/3447/large/ONT.png?1583481820,77.83,74.71,1.3,1.70678,1091470390.0,1.63428,875249524.0,1000000000.0,,17.54,340.69911,2020-03-13T02:20:48.548Z,2021-09-01T15:19:01.150Z
mdex,mdx,Mdex,104.11,67738186143,2283811742,106,https://assets.coingecko.com/coins/images/13775/large/mdex.png?1611739676,105.1,99.94,1.54,1.50394,1309483893.0,1.97126,650681553.22546,452988758.45796,,78.37,32.89591,2021-07-30T09:34:16.681Z,2021-09-01T15:18:28.472Z
0x,zrx,0x,80.01,67507431437,7628157662,107,https://assets.coingecko.com/coins/images/863/large/0x.png?1547034672,80.56,75.88,1.82,2.32299,2247542791.0,3.44399,845341601.7989432,1000000000.0,1000000000.0,9.11,773.20309,2020-03-13T02:27:49.563Z,2021-09-01T15:18:46.323Z
icon,icx,ICON,100.55,66706647673,6116682410,108,https://assets.coingecko.com/coins/images/1060/large/icon-icx-logo.png?1547035003,100.79,94.19,1.58,1.59278,1195431320.0,1.82477,665210050.293922,800460000.0,,7.67,1205.99158,2020-01-03T02:14:53.139Z,2021-09-01T15:18:42.319Z
omisego,omg,OMG Network,479.76,66471836808,24595568207,109,https://assets.coingecko.com/coins/images/776/large/OMG_Network.jpg?1591167168,480.96,450.97,8.12,1.7227,740942469.0,1.12724,140245398.245133,140245398.245133,140245398.245133,24.83,1802.06967,2017-07-16T00:00:00.000Z,2021-09-01T15:19:03.067Z
perpetual-protocol,perp,Perpetual Protocol,1461.7,65590852903,3784979528,110,https://assets.coingecko.com/coins/images/12381/large/60d18e06844a844ad75901a9_mark_only_03.png?1628674771,1502.08,1391.78,-40.099574599175,-2.67011,-2189270187.163788,-3.22996,44825204.42886427,150000000.0,150000000.0,49.7,2836.15574,2020-11-19T05:18:13.592Z,2021-09-01T15:18:46.174Z
curve-dao-token,crv,Curve DAO Token,162.46,65013089458,12353216038,111,https://assets.coingecko.com/coins/images/12124/large/Curve.png?1597369484,169.16,158.21,-5.744048902645,-3.415,-1891900819.4810638,-2.82774,401124863.47653794,1580975537.95556,3303030299.0,24.55,560.30659,2020-11-05T13:09:50.181Z,2021-09-01T15:18:52.959Z
the-sandbox,sand,The Sandbox,72.41,63887855481,72750452267,112,https://assets.coingecko.com/coins/images/12129/large/sandbox_logo.jpg?1597397942,82.56,65.9,5.4,8.05495,3715067202.0,6.174,885439937.2233225,3000000000.0,3000000000.0,2.16,3220.12977,2020-11-04T15:59:14.441Z,2021-09-01T15:18:57.721Z
mina-protocol,mina,Mina Protocol,311.89,63755146962,18070061547,113,https://assets.coingecko.com/coins/images/15628/large/JM4_vQ34_400x400.png?1621394004,332.78,241.26,51.89,19.95675,10046173567.0,18.70483,205895319.840039,851039452.840039,,69.06,348.71372,2021-07-21T02:36:12.499Z,2021-09-01T15:18:22.426Z
nano,nano,Nano,476.76,63460472407,3694499444,114,https://assets.coingecko.com/coins/images/756/large/nano-coin-logo.png?1547034501,496.63,460.93,-12.699044967008,-2.5945,-1414468467.7535172,-2.1803,133248290.0,133248290.0,,1.68,28175.73096,2017-07-16T00:00:00.000Z,2021-09-01T15:18:42.922Z
celo,celo,Celo,420.65,60155472779,24694693229,115,https://assets.coingecko.com/coins/images/11090/large/icon-celo-CELO-color-500.png?1592293590,450.66,396.0,5.16,1.24094,4964297227.0,8.99473,141166010.0,1000000000.0,1000000000.0,60.57,602.71567,2020-05-22T04:15:27.736Z,2021-09-01T15:18:54.441Z
compound-usdt,cusdt,cUSDT,1.56,58971586116,12999017,116,https://assets.coingecko.com/coins/images/11621/large/cUSDT.png?1592113270,1.56,1.55,-0.000482983439,-0.03101,-625922426.7737427,-1.05025,37877057935.7746,37877057935.7746,,0.767973,102.71171,2020-07-04T17:59:08.922Z,2021-09-01T15:07:49.817Z
ankr,ankr,Ankr,7.62,58311846579,4507033106,117,https://assets.coingecko.com/coins/images/4324/large/U85xTl2.png?1608111978,7.7,7.33,0.139968,1.87163,1258534161.0,2.20589,7662899377.791667,10000000000.0,10000000000.0,0.0534,14100.3219,2020-03-13T02:24:03.563Z,2021-09-01T15:18:59.810Z
uma,uma,UMA,927.7,57813308499,2604104438,118,https://assets.coingecko.com/coins/images/10951/large/UMA.png?1586307916,956.06,905.51,-12.085548843791,-1.286,-1457417466.3649216,-2.45892,62599705.0851016,104532356.971068,104532356.971068,22.85,3914.35345,2020-04-29T17:00:41.760Z,2021-09-01T15:18:50.960Z
constellation-labs,dag,Constellation,23.39,57154586257,847375803,119,https://assets.coingecko.com/coins/images/4645/large/DAG.png?1626339160,25.58,21.83,-0.705113948848,-2.92584,-1384763366.5936356,-2.36553,2444208943.22825,3550000000.0,,0.077154,30317.12464,2019-03-09T00:00:00.000Z,2021-09-01T15:10:14.515Z
coin98,c98,Coin98,304.4,56297406479,12504479265,120,https://assets.coingecko.com/coins/images/17117/large/logo.png?1626412904,340.31,302.09,-35.29883242642,-10.39111,-6765104702.282898,-10.72762,185000000.0,1000000000.0,1000000000.0,52.81,476.39332,2021-07-23T23:28:59.905Z,2021-09-01T15:18:48.039Z
swissborg,chsb,SwissBorg,58.66,56018310511,433444421,121,https://assets.coingecko.com/coins/images/2117/large/YJUrRy7r_400x400.png?1589794215,61.88,55.5,-2.927316588086,-4.75324,-2549398558.159958,-4.35291,951754603.4742761,1000000000.0,,0.34615,16941.18002,2019-07-28T00:00:00.000Z,2021-09-01T15:13:42.970Z
ultra,uos,Ultra,67.04,55835231384,283695496,122,https://assets.coingecko.com/coins/images/4480/large/Ultra.png?1563356418,67.55,63.72,1.71,2.62466,898488653.0,1.6355,828601049.1089,1000000000.0,,1.53,4305.26994,2019-09-02T00:00:00.000Z,2021-09-01T15:16:41.440Z
raydium,ray,Raydium,849.92,55597404884,25109034376,123,https://assets.coingecko.com/coins/images/13928/large/PSigc4ie_400x400.jpg?1612875614,959.16,840.3,-109.240055297888,-11.38908,-8094849919.948936,-12.70932,65390318.819262,555000000.0,555000000.0,183.63,359.80433,2021-07-20T10:09:53.958Z,2021-09-01T15:18:26.930Z
bitclout,clout,BitClout,5226.59,54901512176,106461215,124,https://assets.coingecko.com/coins/images/16310/large/k-h6Wead_400x400.jpg?1623726134,6261.54,4122.43,1104.16,26.78415,11621376176.0,26.85152,10532253.8854,10808492.6854,10808492.6854,4045.48,29.04262,2021-08-24T13:31:03.935Z,2021-09-01T15:16:46.019Z
ergo,erg,Ergo,1271.84,53741684766,310978205,125,https://assets.coingecko.com/coins/images/2484/large/Ergo.png?1574682618,1288.28,1205.43,41.98,3.41299,2006783484.0,3.87897,42434493.0,97739924.0,,7.11,17658.40114,2020-03-13T02:24:59.299Z,2021-09-01T15:16:18.410Z
kava,kava,Kava.io,582.05,53490411365,7245559142,126,https://assets.coingecko.com/coins/images/9761/large/Kava-icon.png?1585636197,592.83,538.61,2.82,0.48636,914132346.0,1.73868,91443180.0,143263005.0,,21.68,2573.48754,2020-03-13T02:24:16.835Z,2021-09-01T15:19:02.224Z
gatechain-token,gt,GateToken,326.5,52491056625,457360109,127,https://assets.coingecko.com/coins/images/8183/large/gt.png?1556085624,329.85,318.1,2.75,0.8482,806463167.0,1.56036,160827076.23783833,300000000.0,,19.44,1573.80069,2020-03-13T02:18:02.481Z,2021-09-01T15:18:25.069Z
ecomi,omi,ECOMI,0.242577,52396247042,412458617,128,https://assets.coingecko.com/coins/images/4428/large/ECOMI.png?1557928886,0.243931,0.228195,0.00352398,1.47414,889173007.0,1.72631,216386463075.56,750000000000.0,,0.00023855,101317.4445,2019-11-04T10:52:42.729Z,2021-09-01T15:17:26.261Z
renbtc,renbtc,renBTC,3464688.0,52320458569,332972147,129,https://assets.coingecko.com/coins/images/11370/large/Bitcoin.jpg?1628072791,3495741.0,3403603.0,7458.76,0.21574,1540913872.0,3.03452,15105.68212643,15105.68212643,15105.68212643,665505.0,420.56354,2020-07-05T21:20:45.713Z,2021-09-01T15:18:32.051Z
yield-guild-games,ygg,Yield Guild Games,588.14,51541053652,2932497387,130,https://assets.coingecko.com/coins/images/17358/large/Ygg_Icon_1.png?1627371846,650.82,566.61,-62.687328028754,-9.632,-5630493888.587486,-9.84842,87906250.0,1000000000.0,1000000000.0,71.73,712.68929,2021-07-29T03:27:56.715Z,2021-09-01T15:18:55.776Z
iotex,iotx,IoTeX,5.39,51008699018,3341508048,131,https://assets.coingecko.com/coins/images/3334/large/iotex-logo.png?1547037941,5.5,5.28,-0.029266865581,-0.54051,-546606926.7602615,-1.06023,9501810572.35348,,,0.09182,5735.57452,2020-03-13T02:29:47.597Z,2021-09-01T15:18:48.762Z
swipe,sxp,Swipe,270.39,50638044159,10451485901,132,https://assets.coingecko.com/coins/images/9368/large/swipe.png?1566792311,273.79,252.8,7.67,2.91907,1509660337.0,3.07289,187368788.739135,285368788.739135,285368788.739135,11.98,2151.69584,2020-03-18T13:24:48.021Z,2021-09-01T15:18:33.260Z
titanswap,titan,TitanSwap,497.88,49477044064,103879888,133,https://assets.coingecko.com/coins/images/12606/large/nqGlQzdz_400x400.png?1601019805,587.15,494.77,-8.94763918092,-1.76541,-1156011333.8935013,-2.28312,100000000.0,10000000000.0,,14.18,3404.76255,2020-10-06T15:48:36.784Z,2021-09-01T15:15:10.734Z
republic-protocol,ren,REN,54.88,48357560479,9170496041,134,https://assets.coingecko.com/coins/images/3139/large/REN.png?1589985807,57.98,52.76,-0.483844256925,-0.87395,1033263560.0,2.18337,881153018.7549117,1000000000.0,1000000000.0,1.1,4888.23258,2019-02-25T00:00:00.000Z,2021-09-01T15:19:01.605Z
loopring,lrc,Loopring,38.83,47953833748,17308452171,135,https://assets.coingecko.com/coins/images/913/large/LRC.png?1572852344,40.99,38.15,0.389032,1.012,156800605.0,0.32806,1245991468.94246,1373873440.44246,1374513896.0,1.39,2653.26303,2019-12-18T13:14:41.553Z,2021-09-01T15:18:51.367Z
wazirx,wrx,WazirX,104.3,47155046478,1132365580,136,https://assets.coingecko.com/coins/images/10547/large/WazirX.png?1580834330,105.35,101.36,0.352663,0.33928,118322828.0,0.25155,452623998.011867,1000000000.0,,3.39,2971.31841,2020-02-05T07:19:43.950Z,2021-09-01T15:18:41.805Z
reserve-rights-token,rsr,Reserve Rights Token,3.49,46344900656,6290799789,137,https://assets.coingecko.com/coins/images/8365/large/Reserve_Rights.png?1557737411,3.8,3.33,-0.055803164959,-1.57218,-1506888266.0631256,-3.14907,13157804000.0,100000000000.0,100000000000.0,0.090099,3824.47299,2020-03-16T11:09:08.151Z,2021-09-01T15:18:47.889Z
pirate-chain,arrr,Pirate Chain,238.01,44372354936,86653206,138,https://assets.coingecko.com/coins/images/6905/large/Pirate_Chain.png?1560913844,253.52,235.68,-0.354441021888,-0.1487,39242493.0,0.08852,186330444.83896,200000000.0,,0.588501,40375.80164,2020-11-26T02:10:52.806Z,2021-09-01T15:14:20.160Z
osmosis,osmo,Osmosis,275.21,44032809399,311971059,139,https://assets.coingecko.com/coins/images/16724/large/osmosis.jpeg?1624849879,284.32,262.85,-6.815979825376,-2.41683,-776578487.7755127,-1.73307,159999677.0,325000000.0,1000000000.0,92.19,198.3707,2021-07-20T10:21:24.662Z,2021-09-01T15:12:39.500Z
liquity-usd,lusd,Liquity USD,73.11,43589929170,519657394,140,https://assets.coingecko.com/coins/images/14666/large/Group_3.png?1617631327,73.93,72.84,0.229694,0.31517,220281057.0,0.50792,596224205.182755,596224205.182755,,67.46,8.37087,2021-05-21T14:38:31.217Z,2021-09-01T15:00:45.196Z
unibright,ubt,Unibright,285.88,42833972535,723134617,141,https://assets.coingecko.com/coins/images/2707/large/UnibrightLogo_colorful_500x500_preview.png?1547036916,303.5,275.99,9.89,3.58406,1923117883.0,4.70075,150000000.0,150000000.0,,0.56908,50136.60336,2019-11-25T04:52:44.873Z,2021-09-01T15:16:50.198Z
dent,dent,Dent,0.441186,42207448914,3946106148,142,https://assets.coingecko.com/coins/images/1152/large/gLCEA2G.png?1604543239,0.450311,0.415578,0.00801543,1.85041,1236604387.0,3.01825,95654960452.73587,100000000000.0,,0.00533579,8171.16999,2020-03-13T02:29:09.754Z,2021-09-01T15:18:55.518Z
eden,eden,EDEN,565.81,42092656283,1489805641,143,https://assets.coingecko.com/coins/images/17470/large/Iyc0XM5-_400x400.jpg?1628254655,565.31,453.71,92.72,19.59781,6394402195.0,17.91237,75865726.139802,100865726.139802,250000000.0,0.0,1.0064589679169644e+38,2021-08-03T18:56:38.176Z,2021-09-01T15:17:15.666Z
lisk,lsk,Lisk,286.69,41578333648,1248078196,144,https://assets.coingecko.com/coins/images/385/large/Lisk_Symbol_-_Blue.png?1573444104,291.87,276.49,-0.988473025163,-0.3436,775958683.0,1.90175,144819966.0,,,6.78,4136.70673,2017-03-01T00:00:00.000Z,2021-09-01T15:18:10.966Z
1inch,1inch,1inch,228.96,41330159194,6220343119,145,https://assets.coingecko.com/coins/images/13469/large/1inch-token.png?1608803028,232.89,218.23,-1.570394174102,-0.68122,-42503933.43510437,-0.10273,180542809.57498327,1500000000.0,1500000000.0,56.32,305.53152,2020-12-29T16:38:53.144Z,2021-09-01T15:19:02.344Z
bakerytoken,bake,BakerySwap,205.34,39514871633,6031049045,146,https://assets.coingecko.com/coins/images/12588/large/bakerytoken_logo.jpg?1600940032,206.52,188.26,5.93,2.97221,1301802856.0,3.4067,192467372.318958,277237400.0,277237400.0,0.625128,32735.90447,2020-11-09T13:42:09.948Z,2021-09-01T15:18:43.314Z
wax,waxp,WAX,25.14,39159849527,5025633483,147,https://assets.coingecko.com/coins/images/1372/large/WAX_Coin_Tickers_P_512px.png?1602812260,25.54,24.67,0.068163,0.27189,357154592.0,0.92044,1559847361.30274,3770303327.0,3770303327.0,1.14,2108.07594,2019-12-30T16:39:58.981Z,2021-09-01T15:18:28.870Z
alpha-finance,alpha,Alpha Finance,93.76,38104047114,12037255861,148,https://assets.coingecko.com/coins/images/12738/large/AlphaToken_256x256.png?1617160876,100.27,86.3,4.2,4.68681,1593103051.0,4.36336,406330126.0,1000000000.0,1000000000.0,1.96,4700.26089,2020-11-03T04:39:31.890Z,2021-09-01T15:18:25.557Z
golem,glm,Golem,36.46,36459144405,1173145466,149,https://assets.coingecko.com/coins/images/542/large/Golem_Submark_Positive_RGB.png?1606392013,41.35,35.04,0.565272,1.57473,592346766.0,1.65152,1000000000.0,1000000000.0,,0.613205,5833.52308,2016-12-12T00:00:00.000Z,2021-09-01T15:17:32.909Z
livepeer,lpt,Livepeer,1510.61,36310795400,1514703882,150,https://assets.coingecko.com/coins/images/7137/large/logo-circle-green.png?1619593365,1576.02,1463.3,18.56,1.24414,165763042.0,0.45861,24106101.8665098,24106101.8665098,24106101.8665098,25.08,5897.80979,2019-10-26T22:59:09.500Z,2021-09-01T15:19:00.579Z
skale,skl,SKALE,28.9,35919527870,4305833409,151,https://assets.coingecko.com/coins/images/13245/large/SKALE_token_300x300.png?1606789574,29.82,28.26,-0.349359109093,-1.19429,-635164007.350296,-1.73757,1245183622.0,4472914364.97621,7000000000.0,4.49,540.40972,2020-12-23T22:31:29.345Z,2021-09-01T15:19:00.957Z
wink,win,WINkLink,0.04650977,35626819149,2649734338,152,https://assets.coingecko.com/coins/images/9129/large/WinK.png?1564624891,0.04703048,0.04484109,9.282e-05,0.19997,-216021564.60294342,-0.60269,766299999999.0,999000000000.0,,0.00315932,1368.05847,2020-03-13T02:23:00.686Z,2021-09-01T15:18:20.765Z
neutrino,usdn,Neutrino USD,72.28,35320170873,1442892121,153,https://assets.coingecko.com/coins/images/10117/large/78GWcZu.png?1600845716,73.19,71.69,0.01058161,0.01464,-105363762.4086914,-0.29742,488532785.051543,488529445.712539,,59.16,22.07758,2020-03-13T03:39:36.364Z,2021-09-01T15:15:28.813Z
vethor-token,vtho,VeThor Token,0.885855,35007064308,3957634004,154,https://assets.coingecko.com/coins/images/5230/large/vethor-token.png?1548760043,0.938058,0.775026,0.099689,12.68046,4061922959.0,13.12621,39472705363.0,,,0.0112937,7788.35698,2020-03-16T10:28:49.766Z,2021-09-01T15:18:29.693Z
fetch-ai,fet,Fetch.ai,50.62,34768730939,7572599008,155,https://assets.coingecko.com/coins/images/5681/large/Fetch.jpg?1572098136,55.66,47.87,2.33,4.83298,1538902484.0,4.63109,688117804.9994855,1152997575.0,,0.616804,8066.83381,2020-03-13T02:24:18.347Z,2021-09-01T15:18:55.035Z
bitcoin-diamond,bcd,Bitcoin Diamond,184.33,34519838681,381156352,156,https://assets.coingecko.com/coins/images/1254/large/bitcoin-diamond.png?1547035280,186.24,180.47,-0.47690592428,-0.25805,193305982.0,0.56314,188156897.953024,210000000.0,,19.7,831.31161,2020-03-13T02:22:31.096Z,2021-09-01T15:18:10.490Z
husd,husd,HUSD,73.18,33755240141,5952922309,157,https://assets.coingecko.com/coins/images/9567/large/HUSD.jpg?1568889385,73.64,72.67,0.104583,0.14311,33343400.0,0.09888,461554498.495209,461554498.495209,,59.79,22.26839,2021-05-19T13:19:21.156Z,2021-09-01T15:18:17.896Z
pundi-x-2,pundix,Pundi X,129.56,33505053824,1859361726,158,https://assets.coingecko.com/coins/images/14571/large/vDyefsXq_400x400.jpg?1617085003,130.54,124.52,0.303203,0.23458,198764249.0,0.59678,258484530.000924,258484530.000924,258484530.000924,44.84,188.12459,2021-06-22T14:01:09.171Z,2021-09-01T15:17:57.424Z
energy-web-token,ewt,Energy Web Token,834.02,32937921950,915549109,159,https://assets.coingecko.com/coins/images/10886/large/R9gQTJV__400x400.png?1585604557,906.79,721.51,108.81,15.00406,4006076708.0,13.8466,39495368.5063368,64361034.1405516,100000000.0,41.41,1907.22519,2020-04-03T00:00:00.000Z,2021-09-01T15:17:30.226Z
verge,xvg,Verge,1.98,32720583385,2572239066,160,https://assets.coingecko.com/coins/images/203/large/verge-symbol-color_logo.png?1561543281,2.04,1.92,0.02755091,1.40932,537633176.0,1.67055,16476398941.9365,16555000000.0,,0.00013839,1432772.66104,2015-02-06T00:00:00.000Z,2021-09-01T15:17:56.361Z
gnosis,gno,Gnosis,21267.0,32536160725,1259004031,161,https://assets.coingecko.com/coins/images/662/large/logo_square_simple_300px.png?1609402668,21833.0,19843.5,-135.571513295105,-0.63344,231085968.0,0.71532,1504587.0012636958,10000000.0,10000000.0,519.75,4059.04357,2020-03-13T02:24:11.825Z,2021-09-01T15:18:25.363Z
nervos-network,ckb,Nervos Network,1.15,31957125205,2133974523,162,https://assets.coingecko.com/coins/images/9566/large/Nervos_White.png?1608280856,1.17,1.04,0.062132,5.71034,2922419256.0,10.06526,27655959512.6956,,,0.187777,514.61906,2020-03-13T02:22:31.662Z,2021-09-01T15:18:18.073Z
olympus,ohm,Olympus,22887.0,31946181303,487353998,163,https://assets.coingecko.com/coins/images/14483/large/token_OHM_%281%29.png?1628311611,23227.0,21611.0,1232.82,5.6933,2267839037.0,7.64139,1399900.895319612,1710441.95836265,1710441.95836265,11869.4,92.62194,2021-05-23T22:25:07.703Z,2021-09-01T15:14:45.466Z
medibloc,med,Medibloc,5.86,31578178002,4470516148,164,https://assets.coingecko.com/coins/images/1374/large/medibloc_basic.png?1570607623,6.1,5.71,0.136588,2.38669,921609756.0,3.00624,5382401140.0,8591975063.70395,,0.121837,4703.12183,2020-03-13T02:20:18.722Z,2021-09-01T15:16:37.255Z
serum,srm,Serum,628.89,31334479777,47928378632,165,https://assets.coingecko.com/coins/images/11970/large/serum-logo.png?1597121577,667.15,595.95,-38.256441420228,-5.73433,-2159422093.3839836,-6.44721,50000000.0,161000001.0,10000000000.0,8.19,7516.42747,2020-08-11T13:32:04.611Z,2021-09-01T15:18:48.653Z
pundi-x,npxs,Pundi X [OLD],0.131729,31287632909,620914,166,https://assets.coingecko.com/coins/images/2170/large/pundi-x.png?1548386366,0.145663,0.115868,0.01569582,13.52703,3713893884.0,13.46895,236519288706.32507,258498693019.07,,0.00573,2208.61452,2020-03-13T02:07:57.484Z,2021-09-01T15:13:43.304Z
fei-protocol,fei,Fei Protocol,72.85,30104894698,2901239153,167,https://assets.coingecko.com/coins/images/14570/large/ZqsF51Re_400x400.png?1617082206,73.35,72.49,0.181114,0.24923,-43271109.39332199,-0.14353,413241509.99855924,414378186.660478,414378186.660478,49.91,45.92824,2021-04-18T03:44:09.238Z,2021-09-01T15:18:23.489Z
origin-protocol,ogn,Origin Protocol,85.67,29811623392,4179041365,168,https://assets.coingecko.com/coins/images/3296/large/op.jpg?1547037878,85.67,80.43,1.42,1.68938,953697219.0,3.3048,351825971.0,1000000000.0,1000000000.0,7.4,1042.87374,2020-01-30T16:40:02.103Z,2021-09-01T15:19:00.488Z
alien-worlds,tlm,Alien Worlds,23.93,29702427235,10334821021,169,https://assets.coingecko.com/coins/images/14676/large/kY-C4o7RThfWrDQsLCAG4q4clZhBDDfJQVhWUEKxXAzyQYMj4Jmq1zmFwpRqxhAJFPOa0AsW_PTSshoPuMnXNwq3rU7Imp15QimXTjlXMx0nC088mt1rIwRs75GnLLugWjSllxgzvQ9YrP4tBgclK4_rb17hjnusGj_c0u2fx0AvVokjSNB-v2poTj0xT9BZRCbzRE3-lF1.jpg?1617700061,25.2,23.3,-1.064087691214,-4.25818,-1409562835.3204384,-4.53061,1240473079.0,5135726585.0,10000000000.0,4.99,379.85275,2021-06-26T14:17:17.014Z,2021-09-01T15:18:32.628Z
ocean-protocol,ocean,Ocean Protocol,67.16,29332104313,4083876467,170,https://assets.coingecko.com/coins/images/3687/large/ocean-protocol-logo.jpg?1547038686,67.56,61.67,3.65,5.74832,1837275696.0,6.68226,434026836.76781356,613099141.0,,0.912771,7285.50795,2019-08-11T00:00:00.000Z,2021-09-01T15:18:22.357Z
fx-coin,fx,Function X,74.87,29322183148,10094991021,171,https://assets.coingecko.com/coins/images/8186/large/47271330_590071468072434_707260356350705664_n.jpg?1556096683,89.61,63.88,3.89,5.47558,175599695.0,0.60247,399312322.275582,399312322.275582,1893022625.0,2.62,2744.74756,2020-03-13T02:14:53.228Z,2021-09-01T15:17:23.996Z
oxygen,oxy,Oxygen,144.3,29276534468,152809155,172,https://assets.coingecko.com/coins/images/13509/large/8DjBZ79V_400x400.jpg?1609236331,152.25,141.25,-7.949398015682,-5.22136,-1518428873.1275558,-4.93077,202361469.02,10000000000.0,10000000000.0,89.71,60.98691,2021-03-16T14:03:26.301Z,2021-09-01T15:18:13.801Z
injective-protocol,inj,Injective Protocol,847.05,27580473562,2407046309,173,https://assets.coingecko.com/coins/images/12882/large/Secondary_Symbol.png?1628233237,867.3,808.99,15.21,1.82886,193949423.0,0.70819,32655554.33,100000000.0,100000000.0,49.02,1623.62932,2020-11-03T16:19:30.576Z,2021-09-01T15:18:21.174Z
status,SNT,Status,7.15,27573384234,1867127611,174,https://assets.coingecko.com/coins/images/779/large/status.png?1548610778,7.16,6.9,0.208641,3.0044,847220312.0,3.17,3880483788.3096976,6804870174.0,,0.44206,1516.02613,2020-03-13T02:10:36.877Z,2021-09-01T15:18:57.152Z
tribe-2,tribe,Tribe,59.56,27075452977,2718753729,175,https://assets.coingecko.com/coins/images/14575/large/tribe.PNG?1617487954,60.41,56.2,2.89,5.09926,1291775656.0,5.01005,455012365.081884,1000000000.0,1000000000.0,41.01,44.60697,2021-07-21T20:01:31.860Z,2021-09-01T15:18:57.903Z
trust-wallet-token,twt,Trust Wallet Token,75.67,26436331240,6570716443,176,https://assets.coingecko.com/coins/images/11085/large/Trust.png?1588062702,77.24,63.06,10.39,15.91013,3792819900.0,16.75014,346951186.0,1000000000.0,,0.209814,36068.70697,2020-06-09T09:15:06.983Z,2021-09-01T15:18:45.329Z
seth,seth,sETH,256598.0,25906613190,1698386441,177,https://assets.coingecko.com/coins/images/8843/large/sETH.png?1616150207,259094.0,244995.0,11489.77,4.68763,1006923641.0,4.04392,100899.526926545,100899.526926545,100899.526926545,0.94506,27225763.4327,2020-04-01T00:44:33.804Z,2021-09-01T15:17:58.254Z
anchor-protocol,anc,Anchor Protocol,236.42,25609946974,694343815,178,https://assets.coingecko.com/coins/images/14420/large/anchor_protocol_logo.jpg?1615965420,236.82,222.24,9.43,4.15575,1040680501.0,4.2357,108549437.326401,1000000000.0,1000000000.0,125.41,88.10439,2021-07-28T18:01:28.206Z,2021-09-01T15:18:26.484Z
mask-network,mask,Mask Network,902.74,25509820087,8905470432,179,https://assets.coingecko.com/coins/images/14051/large/Mask_Network.jpg?1614050316,909.35,801.48,17.25,1.94815,-935375909.8689804,-3.53704,29701387.0,100000000.0,100000000.0,225.15,280.64338,2021-07-20T10:10:21.040Z,2021-09-01T15:18:54.341Z
venus,xvs,Venus,2298.49,25354891606,1993195434,180,https://assets.coingecko.com/coins/images/12677/large/venus.png?1618319812,2356.02,2217.12,-31.939880203727,-1.37056,-445871548.2743263,-1.72813,11049265.877418187,30000000.0,30000000.0,121.08,1789.28514,2020-10-06T05:02:54.510Z,2021-09-01T15:18:32.937Z
chia,xch,Chia,15914.98,25358422712,1713527796,181,https://assets.coingecko.com/coins/images/15174/large/zV5K5y9f_400x400.png?1620024414,16686.46,15703.74,-232.523796924415,-1.44,-237204115.2796173,-0.92674,1596221.4769785,22596027.4766487,,12193.05,30.14598,2021-07-20T06:56:22.600Z,2021-09-01T15:19:00.546Z
persistence,xprt,Persistence,642.61,25123632876,267815623,182,https://assets.coingecko.com/coins/images/14582/large/512_Light.png?1617149658,691.94,587.43,2.57,0.4023,69884936.0,0.27894,39295403.510373,113722599.5061,403308352.0,176.47,261.48232,2021-04-18T04:29:44.015Z,2021-09-01T15:16:44.444Z
band-protocol,band,Band Protocol,704.82,24705098893,4440648509,183,https://assets.coingecko.com/coins/images/9545/large/Band_token_blue_violet_token.png?1625881431,706.02,660.97,16.84,2.44765,466034566.0,1.92266,35191821.0,100000000.0,100000000.0,14.59,4692.07313,2019-11-25T05:49:22.765Z,2021-09-01T15:19:03.136Z
tokamak-network,ton,Tokamak Network,646.46,24645245842,2348835991,184,https://assets.coingecko.com/coins/images/12260/large/D919x5-s_400x400.png?1598568068,658.6,622.68,6.15,0.96111,133445280.0,0.54441,38109380.24588974,50000000.0,,98.27,555.37199,2020-09-11T20:29:43.246Z,2021-09-01T15:17:23.363Z
mango-markets,mngo,Mango Markets,24.42,24386261108,464149324,185,https://assets.coingecko.com/coins/images/14773/large/token-mango.png?1628171237,25.62,23.23,-0.854453499906,-3.38059,-1155180933.959423,-4.52277,1000672000.0,10000000000.0,10000000000.0,12.77,90.64145,2021-08-12T05:34:46.613Z,2021-09-01T15:17:17.480Z
compound-uniswap,cuni,cUNI,43.87,24347623502,5671493,186,https://assets.coingecko.com/coins/images/12696/large/compound-uni.png?1601789718,45.35,42.16,1.71,4.04848,1007439251.0,4.31633,554999961.995697,554999961.995697,,2.64,1560.98497,2020-11-05T08:45:03.205Z,2021-09-01T14:51:56.663Z
iexec-rlc,rlc,iExec RLC,341.33,24165092821,2102366972,187,https://assets.coingecko.com/coins/images/646/large/pL1VuXm.png?1604543202,345.08,319.23,10.68,3.22883,595670717.0,2.5273,71332547.07841186,86999784.0,,11.07,2954.66793,2018-12-15T00:00:00.000Z,2021-09-01T15:18:34.201Z
bifrost,bfc,Bifrost,28.48,24107618095,4771507368,188,https://assets.coingecko.com/coins/images/4639/large/bifrost_32.png?1608520677,29.75,28.45,-0.81660960799,-2.78692,-462101843.56949997,-1.88078,844434685.0455172,3968584074.0,3968584074.0,1.19,2296.75706,2021-01-03T05:20:35.561Z,2021-09-01T15:17:23.006Z
storm,stmx,StormX,2.57,23996435612,11096308525,189,https://assets.coingecko.com/coins/images/1369/large/StormX.png?1603113002,2.68,2.38,0.13343,5.4812,1573191862.0,7.0159,9293310496.239725,10000000000.0,,0.04353704,5801.97578,2020-03-13T02:24:13.443Z,2021-09-01T15:18:52.136Z
pax-gold,paxg,PAX Gold,132554.0,23979323741,453062894,190,https://assets.coingecko.com/coins/images/9519/large/paxg.PNG?1568542565,133672.0,131931.0,612.53,0.46424,74751459.0,0.31271,180885.76,180885.76,,100361.0,31.95669,2019-10-26T15:58:49.353Z,2021-09-01T15:17:55.657Z
illuvium,ilv,Illuvium,36948.0,23428662506,1886023372,191,https://assets.coingecko.com/coins/images/14468/large/ILV.JPG?1617182121,37975.0,35840.0,947.43,2.63168,571584368.0,2.50069,634776.0582260819,7000000.0,10000000.0,2172.8,1599.63171,2021-06-22T14:11:59.151Z,2021-09-01T15:18:21.033Z
cartesi,ctsi,Cartesi,57.15,23359899494,1754314426,192,https://assets.coingecko.com/coins/images/11038/large/cartesi.png?1592288021,58.3,55.1,-1.060782239336,-1.82225,-494861235.0148697,-2.07448,408197415.0,1000000000.0,1000000000.0,2.01,2731.76856,2020-10-30T09:43:18.668Z,2021-09-01T15:19:01.151Z
polymath,poly,Polymath,26.6,23097777850,1072126663,193,https://assets.coingecko.com/coins/images/2784/large/inKkF01.png?1605007034,26.97,25.46,0.441822,1.68914,295092616.0,1.29411,868924822.5301447,1000000000.0,,0.830957,3108.85689,2020-03-13T02:22:30.088Z,2021-09-01T15:18:59.346Z
radicle,rad,Radicle,1126.44,22840094277,2036864377,194,https://assets.coingecko.com/coins/images/14013/large/radicle.png?1614402918,1312.3,1006.43,44.97,4.15814,239226977.0,1.05849,20083146.92920781,99999210.0,100000000.0,283.92,294.9638,2021-07-08T00:43:33.564Z,2021-09-01T15:18:48.418Z
frax,frax,Frax,72.81,22801596243,768644787,195,https://assets.coingecko.com/coins/images/13422/large/frax_logo.png?1608476506,73.68,72.34,0.468462,0.64758,130500789.0,0.57563,312843161.027721,312843161.027721,312843161.027721,69.63,4.5753,2021-05-21T14:29:00.054Z,2021-09-01T15:17:11.301Z
mirror-protocol,mir,Mirror Protocol,291.22,22661289247,4637271114,196,https://assets.coingecko.com/coins/images/13295/large/mirror_logo_transparent.png?1611554658,296.33,278.87,4.08,1.4195,260687792.0,1.16375,77742701.815513,370575000.0,370575000.0,66.43,341.13664,2020-12-22T07:49:52.172Z,2021-09-01T15:19:02.646Z
marketpeak,peak,PEAKDEFI,40.25,22634748718,15979203,197,https://assets.coingecko.com/coins/images/9626/large/PEAKDEFI_Logo_250x250.png?1603094772,40.87,37.92,-0.570426786698,-1.39729,86760742.0,0.38478,562190311.463708,622463564.4053,,2.04,1870.06967,2020-02-18T15:38:03.665Z,2021-09-01T15:13:05.288Z
nusd,susd,sUSD,72.56,22570039600,2316208124,198,https://assets.coingecko.com/coins/images/5013/large/sUSD.png?1616150765,73.64,71.98,0.583471,0.81062,2477326046.0,12.32947,311095610.534844,311095610.534844,311095610.534844,31.9,127.57947,2020-03-18T08:09:20.698Z,2021-09-01T15:18:14.159Z
funfair,fun,FUNToken,2.14,22569847759,1926391365,199,https://assets.coingecko.com/coins/images/761/large/funfair.png?1592404368,2.25,2.12,-0.109348353,-4.86549,-1315972295.2373505,-5.50943,10598879189.265394,10999873621.0,,0.079657,2573.12184,2020-03-13T02:22:42.216Z,2021-09-01T15:17:54.432Z
prometeus,prom,Prometeus,1349.51,22529811078,841155998,200,https://assets.coingecko.com/coins/images/8825/large/G2LY-Dg_.png?1591698270,1364.27,1305.48,20.01,1.50538,549736412.0,2.50107,16449996.0,20000000.0,20000000.0,6.33,21327.64705,2019-11-08T13:37:42.508Z,2021-09-01T15:18:29.945Z
reef-finance,reef,Reef Finance,1.78,22535829515,5514817545,201,https://assets.coingecko.com/coins/images/13504/large/Group_10572.png?1610534130,1.83,1.71,0.056955,3.31317,650756258.0,2.97352,12666667338.0,15934019762.0,20000000000.0,0.488748,262.53784,2021-01-13T05:58:48.590Z,2021-09-01T15:18:43.885Z
my-neighbor-alice,alice,My Neighbor Alice,1295.24,22529767794,15036841767,202,https://assets.coingecko.com/coins/images/14375/large/alice_logo.jpg?1615782968,1382.8,1271.13,-46.002724819416,-3.42986,-859921143.2118683,-3.6765,17400000.0,100000000.0,100000000.0,240.9,435.30657,2021-06-22T13:54:53.068Z,2021-09-01T15:18:26.519Z
balancer,bal,Balancer,2087.58,22517155497,4103909191,203,https://assets.coingecko.com/coins/images/11683/large/Balancer.png?1592792958,2113.46,1978.31,73.14,3.63058,737616572.0,3.38674,10799858.375589402,44425000.0,100000000.0,502.38,315.6853,2020-06-23T17:05:28.767Z,2021-09-01T15:18:57.520Z
derivadao,ddx,DerivaDAO,860.26,22453576906,432971106,204,https://assets.coingecko.com/coins/images/13453/large/ddx_logo.png?1608741641,1115.51,484.32,212.71,32.84747,5967984449.0,36.20121,26094663.7833333,51879860.2111943,100000000.0,110.83,675.8714,2021-07-19T18:05:35.122Z,2021-09-01T15:15:28.019Z
asd,asd,AscendEx Token,29.88,22172529538,297403611,205,https://assets.coingecko.com/coins/images/5003/large/bitmax.png?1621310871,30.09,29.69,-0.06551959293,-0.21876,-79379952.4117775,-0.35673,743798994.444,743798994.444,,0.926869,3127.50694,2018-12-07T00:00:00.000Z,2021-09-01T15:17:16.971Z
rocket-pool,rpl,Rocket Pool,1370.0,22167836431,108261574,206,https://assets.coingecko.com/coins/images/2090/large/rocket.png?1563781948,1409.98,1364.33,-36.222525941932,-2.57588,-700897708.925087,-3.06487,16166801.0,18000000.0,18000000.0,0.618906,223888.03793,2018-08-28T00:00:00.000Z,2021-09-01T15:17:28.211Z
metal,mtl,Metal,336.34,21913458875,167298473254,207,https://assets.coingecko.com/coins/images/763/large/Metal.png?1592195010,386.82,302.36,-18.065184705261,-5.0973,-2989392820.3203964,-12.00422,64633864.147,66588888.0,,8.85,3737.15072,2020-03-13T02:22:59.682Z,2021-09-01T15:17:53.849Z
woo-network,woo,WOO Network,43.97,21680364287,4211951985,208,https://assets.coingecko.com/coins/images/12921/large/w2UiemF__400x400.jpg?1603670367,44.37,42.02,-0.185689611708,-0.42055,-175918524.8421936,-0.80489,493868426.193735,2992061172.44082,3000000000.0,1.62,2618.64783,2021-01-04T10:19:13.803Z,2021-09-01T15:18:19.965Z
ardor,ardr,Ardor,21.49,21468205195,2325363567,209,https://assets.coingecko.com/coins/images/525/large/Ardor_Vertical_1.png?1606797362,22.01,20.66,0.02966247,0.13819,368440282.0,1.74618,998999495.0,998999495.0,,0.593153,3537.44262,2016-12-06T00:00:00.000Z,2021-09-01T15:17:53.968Z
dodo,dodo,DODO,140.32,21393158820,9512376992,210,https://assets.coingecko.com/coins/images/12651/large/dodo_logo.png?1601433025,149.98,136.99,2.04,1.47345,523695717.0,2.50939,152431498.78394118,1000000000.0,1000000000.0,11.09,1164.95477,2020-12-18T16:07:56.702Z,2021-09-01T15:18:40.938Z
nkn,nkn,NKN,32.33,21047583974,1441067079,211,https://assets.coingecko.com/coins/images/3375/large/nkn.png?1548329212,33.32,31.08,0.54593,1.71763,-320097386.4824562,-1.49804,650000000.0,1000000000.0,1000000000.0,0.504203,6322.52164,2020-03-13T02:22:29.583Z,2021-09-01T15:19:02.185Z
celer-network,celr,Celer Network,3.76,21007343828,4762342663,212,https://assets.coingecko.com/coins/images/4379/large/Celr.png?1554705437,3.75,3.4,0.145228,4.01282,231465460.0,1.11411,5645454935.82688,10000000000.0,,0.072159,5018.78924,2020-03-13T02:24:17.287Z,2021-09-01T15:18:50.320Z
coti,coti,COTI,23.96,20891383959,4883282645,213,https://assets.coingecko.com/coins/images/2962/large/Coti.png?1559653863,24.42,22.39,-0.295749249049,-1.21948,-311834206.8034744,-1.47069,868672118.03,2000000000.0,2000000000.0,0.394631,5995.40446,2019-11-07T10:29:26.372Z,2021-09-01T15:18:57.975Z
ellipsis,eps,Ellipsis,64.32,20872817052,4059877598,214,https://assets.coingecko.com/coins/images/14498/large/ellipsis.png?1616556354,66.26,60.49,1.11,1.75898,133416005.0,0.6433,327177843.18994236,441571922.971779,1000000000.0,25.64,148.84004,2021-06-22T14:09:05.009Z,2021-09-01T15:18:43.976Z
dawn-protocol,dawn,Dawn Protocol,293.08,20761650491,2388159628,215,https://assets.coingecko.com/coins/images/11555/large/dawn_protocol.png?1591060256,294.67,283.26,3.14,1.08412,164451971.0,0.79842,70858249.62623416,76588156.8274288,,2.38,12136.88064,2020-08-05T18:09:13.078Z,2021-09-01T15:19:03.028Z
numeraire,nmr,Numeraire,3394.02,19705819146,1615679003,216,https://assets.coingecko.com/coins/images/752/large/numeraire.png?1592538976,3474.31,3142.9,194.04,6.06368,1255341456.0,6.80384,5776811.64425762,10971598.333265,11000000.0,146.19,2243.5739,2018-11-27T00:00:00.000Z,2021-09-01T15:18:55.089Z
superfarm,super,SuperFarm,66.24,19502909589,1705197664,217,https://assets.coingecko.com/coins/images/14040/large/6YPdWn6.png?1613975899,67.54,64.15,0.636134,0.96966,-1849857.6111602783,-0.00948,296331878.416917,999998077.416917,999998077.416917,21.23,209.53288,2021-06-22T14:10:48.281Z,2021-09-01T15:18:54.851Z
tomochain,tomo,TomoChain,230.94,19385956915,642740645,218,https://assets.coingecko.com/coins/images/3416/large/Asset_59_2x.png?1582948925,237.64,224.29,-6.698706912675,-2.81883,-570453062.1093636,-2.8585,84011525.0,100000000.0,,10.57,2080.03696,2020-03-13T02:24:15.954Z,2021-09-01T15:18:32.478Z
orbs,orbs,Orbs,8.53,19349719283,2617226051,219,https://assets.coingecko.com/coins/images/4630/large/Orbs.jpg?1547039896,8.82,8.24,0.02586552,0.30414,46100493.0,0.23882,2270501419.784467,10000000000.0,,0.33366,2470.37128,2019-12-20T09:02:40.254Z,2021-09-01T15:18:12.849Z
orion-protocol,orn,Orion Protocol,630.3,19017986644,925902166,220,https://assets.coingecko.com/coins/images/11841/large/orion_logo.png?1594943318,633.1,595.34,11.54,1.86455,363636874.0,1.94934,30095000.0,100000000.0,100000000.0,40.82,1440.0565,2020-07-16T14:24:05.394Z,2021-09-01T15:19:00.010Z
conflux-token,cfx,Conflux,21.82,19003769526,1052607499,221,https://assets.coingecko.com/coins/images/13079/large/Brand_Black.png?1630331909,22.8,21.36,-0.103002248484,-0.46985,-101368161.03820038,-0.53058,873588982.511109,5148585717.99895,,5.68,281.01821,2020-11-10T02:36:41.248Z,2021-09-01T15:18:59.567Z
akash-network,akt,Akash Network,245.61,18791112075,181381353,222,https://assets.coingecko.com/coins/images/12785/large/akash-logo.png?1615447676,260.21,241.01,-10.178804324716,-3.97944,-1125596902.6053276,-5.65152,76584452.296613,131800000.0,388539008.0,24.5,903.42592,2020-10-23T07:35:39.883Z,2021-09-01T15:18:15.048Z
bonfida,fida,Bonfida,381.13,18684180297,103213138,223,https://assets.coingecko.com/coins/images/13395/large/fida-dark.png?1608112224,400.25,350.96,-19.128557275569,-4.7791,-403611491.2569885,-2.1145,49086802.597766,1000000000.0,1000000000.0,8.36,4438.09475,2020-12-22T10:58:52.143Z,2021-09-01T15:17:16.085Z
verasity,vra,Verasity,2.85,18667529728,5004929450,224,https://assets.coingecko.com/coins/images/14025/large/VRA.jpg?1613797653,2.87,2.39,0.362907,14.58426,2285512283.0,13.95135,6542847233.0,10356527868.0,,0.144621,1877.94138,2021-02-23T11:58:52.567Z,2021-09-01T15:18:41.239Z
electroneum,etn,Electroneum,1.04,18639130290,60300689,225,https://assets.coingecko.com/coins/images/1109/large/electroneum.png?1547224846,1.08,0.967252,0.071109,7.33509,1383425818.0,8.01721,17894120388.61,21000000000.0,,0.101761,924.37033,2020-03-13T02:24:21.810Z,2021-09-01T15:17:29.548Z
apeswap-finance,banana,ApeSwap Finance,338.51,18464917786,819222276,226,https://assets.coingecko.com/coins/images/14870/large/apeswap_logo.png?1618816826,347.72,327.19,-8.071630665999,-2.3289,-502407673.9485626,-2.64881,54557560.49267626,66229386.7136601,66229386.7136601,59.87,467.01352,2021-04-20T03:06:58.544Z,2021-09-01T15:18:22.290Z
klever,klv,Klever,3.38,18397759508,160493976,227,https://assets.coingecko.com/coins/images/12240/large/hIonpevN_400x400.jpg?1626616001,3.51,3.28,0.090231,2.74039,286571278.0,1.58229,5436479331.28548,10000000000.0,,0.248598,1260.95902,2020-12-29T16:24:38.986Z,2021-09-01T15:18:09.640Z
superrare,rare,SuperRare,134.29,18380656715,1028080628,228,https://assets.coingecko.com/coins/images/17753/large/RARE.jpg?1629220534,147.58,120.23,-11.357431615833,-7.79788,-1492959991.7308044,-7.51227,137062054.0,1000000000.0,1000000000.0,19.08,607.03535,2021-08-17T18:58:37.758Z,2021-09-01T15:18:23.555Z
thorstarter,xrune,Thorstarter,30.56,18092476537,86407255,229,https://assets.coingecko.com/coins/images/16835/large/thorstarter.jpg?1625279004,36.03,29.15,1.41,4.84661,-138984365.1325264,-0.76233,593150725.6945926,1000000000.0,,0.62888,4750.2579,2021-07-22T22:44:34.989Z,2021-09-01T15:14:44.022Z
chromaway,chr,Chromia,31.54,17838594257,6487279967,230,https://assets.coingecko.com/coins/images/5000/large/Chromia.png?1559038018,32.87,30.13,-0.370971918687,-1.16243,-422045514.2259979,-2.31123,567369439.326204,567369439.326204,1000000000.0,0.659872,4662.77828,2020-03-13T02:25:03.256Z,2021-09-01T15:18:24.189Z
yfii-finance,yfii,DFI.money,447874.0,17818048767,36838556058,231,https://assets.coingecko.com/coins/images/11902/large/YFII-logo.78631676.png?1598677348,488131.0,366487.0,80897.0,22.04418,3171780568.0,21.6559,39731.99452171076,39999.9996973202,40000.0,7357.12,6039.92716,2020-08-03T17:50:20.141Z,2021-09-01T15:18:52.580Z
ton-crystal,ton,TON Crystal,27.81,17763654376,439649423,232,https://assets.coingecko.com/coins/images/12783/large/96667603_115652523474502_6550262491509686272_n.png?1602885498,28.16,27.7,0.11165,0.40307,74225507.0,0.4196,638902075.0,5034835494.0,,12.36,124.69747,2020-12-27T23:18:24.412Z,2021-09-01T15:16:49.741Z
hbtc-token,hbc,HBTC Captain Token,928.15,17639295379,17643563,233,https://assets.coingecko.com/coins/images/12387/large/hbtc.jpg?1599529861,969.34,927.86,-41.189618641832,-4.24926,-549918006.3474808,-3.02332,19005351.0,21000000.0,,178.46,420.38118,2020-10-08T13:04:39.089Z,2021-09-01T15:18:13.517Z
alchemix-usd,alusd,Alchemix USD,72.83,17461883773,132050401,234,https://assets.coingecko.com/coins/images/14114/large/Alchemix_USD.png?1614410406,73.53,72.38,0.45154,0.62384,-66305101.766002655,-0.37828,239744861.419583,239744861.419583,,4.36,1569.05303,2021-03-19T22:40:28.697Z,2021-09-01T15:14:48.878Z
steem,steem,Steem,44.36,17429423015,2629484027,235,https://assets.coingecko.com/coins/images/398/large/steem.png?1547034126,45.28,41.78,0.335326,0.76167,569377071.0,3.37708,388431936.744,,,4.79,837.85274,2017-03-11T00:00:00.000Z,2021-09-01T15:17:59.435Z
orchid-protocol,oxt,Orchid Protocol,29.31,17317130287,1286858378,236,https://assets.coingecko.com/coins/images/3916/large/download_%285%29.png?1576624060,30.18,28.92,-0.636461858056,-2.12539,-342994888.53819656,-1.9422,591544728.9516798,1000000000.0,,8.15,259.02093,2020-03-13T02:24:30.976Z,2021-09-01T15:19:03.513Z
smooth-love-potion,slp,Smooth Love Potion,8.46,17301693697,13229408026,237,https://assets.coingecko.com/coins/images/10366/large/SLP.png?1578640057,9.24,7.92,-0.216471817222,-2.49359,162078776.0,0.94564,2042773649.0,2042773649.0,,0.238486,3454.3796,2020-06-20T10:23:48.171Z,2021-09-01T15:19:03.154Z
alchemix,alcx,Alchemix,27851.0,17193733786,558197430,238,https://assets.coingecko.com/coins/images/14113/large/Alchemix.png?1614409874,27841.0,25719.0,2125.69,8.26289,1099563581.0,6.83206,620111.936639134,1400985.02783053,2393060.0,17009.23,62.73826,2021-07-21T01:30:16.733Z,2021-09-01T15:18:16.978Z
stratis,strax,Stratis,171.75,17172289065,2698257300,239,https://assets.coingecko.com/coins/images/531/large/stratis.png?1547034209,175.88,164.18,-3.938414496185,-2.24165,-527606100.34226227,-2.98084,100074480.170045,128057426.0,,0.761809,22437.06458,2016-08-12T00:00:00.000Z,2021-09-01T15:18:43.980Z
automata,ata,Automata,99.45,17125821442,5640327676,240,https://assets.coingecko.com/coins/images/15985/large/ATA.jpg?1622535745,106.94,97.73,-7.298696934063,-6.83702,-1304038759.5120583,-7.07568,172252000.0,,1000000000.0,25.62,284.7745,2021-07-21T01:25:53.629Z,2021-09-01T15:18:21.611Z
keep-network,keep,Keep Network,31.08,17073320084,3383008908,241,https://assets.coingecko.com/coins/images/3373/large/IuNzUb5b_400x400.jpg?1589526336,33.66,30.82,-0.287594780703,-0.9169,26017196.0,0.15262,549716300.2685891,1000000000.0,1000000000.0,13.18,134.83317,2020-11-17T03:49:09.210Z,2021-09-01T15:18:53.674Z
badger-dao,badger,Badger DAO,1791.31,16973540317,1489504031,242,https://assets.coingecko.com/coins/images/13287/large/badger_dao_logo.jpg?1607054976,1860.36,1747.22,-51.912059514958,-2.81637,-547284053.9987679,-3.12362,9488492.84709931,21000000.0,21000000.0,207.11,760.65672,2020-12-05T10:29:11.104Z,2021-09-01T15:18:26.181Z
civic,cvc,Civic,25.06,16783725181,2522264119,243,https://assets.coingecko.com/coins/images/788/large/civic.png?1547034556,25.68,24.47,-0.116861114828,-0.46417,-70321605.5870781,-0.41724,670000000.0,1000000000.0,,0.821995,2946.20361,2020-03-13T02:15:34.328Z,2021-09-01T15:18:21.500Z
secret,scrt,Secret,115.12,16748234484,151233082,244,https://assets.coingecko.com/coins/images/11871/large/Secret.png?1595520186,117.71,113.75,0.413308,0.36032,-11545091.371238708,-0.06889,145631263.0,190198234.0,,18.97,507.93619,2020-11-03T06:12:33.048Z,2021-09-01T15:18:37.893Z
truefi,tru,TrueFi,38.94,16600891424,879199968,245,https://assets.coingecko.com/coins/images/13180/large/truefi_glyph_color.png?1617610941,40.19,38.32,0.125,0.32206,-135268993.30251884,-0.80824,427636713.461702,1441129426.98536,1441129426.98536,8.01,384.4678,2020-11-26T17:31:42.357Z,2021-09-01T15:18:41.011Z
sapphire,sapp,Sapphire,25.88,16544107575,4108804,246,https://assets.coingecko.com/coins/images/8478/large/Sapphire-logo-transparent-no-text.jpg?1614674409,26.19,25.23,-0.249039137163,-0.95296,-129802330.19336319,-0.77848,639160554.415973,3000000000.0,,0.00514757,503013.67186,2019-12-04T11:44:56.925Z,2021-09-01T15:09:16.630Z
aelf,elf,aelf,35.67,16490484018,24567271446,247,https://assets.coingecko.com/coins/images/1371/large/aelf-logo.png?1547035397,40.91,30.16,4.53,14.56056,2034723844.0,14.07552,461329999.0,879999999.986466,,2.68,1235.9331,2020-03-13T02:22:35.431Z,2021-09-01T15:18:48.887Z
render-token,rndr,Render Token,106.69,16473677737,648190376,248,https://assets.coingecko.com/coins/images/11636/large/uTDd98ZN_400x400.jpg?1592200150,108.36,97.29,5.72,5.66645,1019600874.0,6.59762,154278922.01806068,523149621.796565,523149621.796565,2.79,3736.42924,2020-06-16T13:22:25.900Z,2021-09-01T15:16:30.050Z
clover-finance,clv,Clover Finance,126.85,16352791419,5134778442,249,https://assets.coingecko.com/coins/images/15278/large/image_from_ios_%281%29.jpg?1626422737,135.21,122.85,-2.910865916196,-2.24325,-503038119.8194885,-2.98436,128777777.78,1000000000.0,,32.42,291.44153,2021-07-16T11:07:28.628Z,2021-09-01T15:18:57.982Z
maidsafecoin,maid,MaidSafeCoin,37.41,16296955071,136369650,250,https://assets.coingecko.com/coins/images/80/large/maidsafecoin.png?1547033750,36.61,31.7,5.68,17.91568,1923700131.0,13.38389,452552412.0,452552412.0,,0.666613,4788.08093,2014-05-21T00:00:00.000Z,2021-09-01T15:17:59.138Z
